City_ID,City,Lat,Lng,Max Temp,Humidity,Cloudiness,Wind Speed,Country,Date
0,san antonio de pale,-1.4014,5.6325,26.18,82,97,3.6,GQ,1701983729
1,cutral-co,-38.9469,-69.2089,29.95,10,64,1.34,AR,1701983730
2,college,64.8569,-147.8028,-17.01,79,40,3.6,US,1701983730
3,stanley,54.868,-1.6985,4.6,94,75,4.12,GB,1701983730
4,bredasdorp,-34.5322,20.0403,18.46,86,0,5.12,ZA,1701983730
5,port-aux-francais,-49.35,70.2167,3.39,89,94,13.98,TF,1701983730
6,kodiak,57.79,-152.4072,-0.27,86,100,9.26,US,1701983730
7,port elizabeth,-33.918,25.5701,20.05,94,0,1.54,ZA,1701983730
8,charters towers,-20.1,146.2667,22.84,67,55,5.51,AU,1701983731
9,vilyuchinsk,52.9306,158.4028,-6.71,78,100,1.96,RU,1701983731
10,adamstown,-25.066,-130.1015,22.86,75,50,5.29,PN,1701983731
11,yellowknife,62.456,-114.3525,-10.71,92,100,3.09,CA,1701983731
12,longyearbyen,78.2186,15.6401,-2.09,69,20,8.75,SJ,1701983731
13,thunder bay,48.4001,-89.3168,1.99,80,75,3.09,CA,1701983618
14,talnakh,69.4865,88.3972,-33.5,88,28,1.34,RU,1701983731
15,lompoc,34.6391,-120.4579,22.79,54,0,8.23,US,1701983731
16,puerto natales,-51.7236,-72.4875,16.06,56,87,2.64,CL,1701983731
17,papatowai,-46.5619,169.4708,14.45,56,99,5.02,NZ,1701983732
18,silvania,-16.6589,-48.6081,29.1,38,1,0.95,BR,1701983732
19,anadyr,64.75,177.4833,-20.72,77,20,11.0,RU,1701983451
20,waitangi,-43.9535,-176.5597,13.23,68,87,7.38,NZ,1701983732
21,kunduz,36.75,68.75,11.56,28,100,0.8,AF,1701983733
22,argo,37.6333,22.7333,13.21,76,0,2.19,GR,1701983733
23,itamaraju,-17.0392,-39.5311,25.62,67,5,4.42,BR,1701983733
24,wailua homesteads,22.0669,-159.378,26.18,77,75,2.57,US,1701983733
25,bethel,41.3712,-73.414,2.9,76,100,2.57,US,1701983583
26,afaahiti,-17.75,-149.2833,27.93,83,93,8.81,PF,1701983734
27,kingston,17.997,-76.7936,27.34,66,80,1.86,JM,1701983611
28,yeniseysk,58.4497,92.1703,-32.25,98,87,0.45,RU,1701983734
29,dunedin,-45.8742,170.5036,16.56,62,42,1.79,NZ,1701983652
30,hohhot,40.8106,111.6522,-5.84,68,0,1.0,CN,1701983734
31,edinburgh of the seven seas,-37.0676,-12.3116,14.88,84,100,6.98,SH,1701983735
32,margaret river,-33.95,115.0667,13.42,75,1,4.74,AU,1701983735
33,hithadhoo,-0.6,73.0833,27.39,78,96,4.0,MV,1701983735
34,sinabang,2.4803,96.3801,26.06,84,100,0.16,ID,1701983735
35,bumba,2.1833,22.4667,22.02,95,100,0.57,CD,1701983736
36,grytviken,-54.2811,-36.5092,-0.14,89,56,6.18,GS,1701983736
37,princeville,45.7668,-61.2985,-0.92,85,100,8.75,CA,1701983736
38,sao joao da barra,-21.6403,-41.0511,25.15,84,0,8.85,BR,1701983455
39,mormugao,15.4,73.8,24.59,83,20,1.54,IN,1701983737
40,ushuaia,-54.8,-68.3,11.79,64,69,1.76,AR,1701983438
41,xiannu,32.4367,119.5508,11.05,59,0,3.55,CN,1701983738
42,iqaluit,63.7506,-68.5145,-15.15,77,20,7.72,CA,1701983738
43,laguna,38.421,-121.4238,16.15,68,75,4.12,US,1701983738
44,corbeni,45.3,24.65,0.51,99,100,0.55,RO,1701983738
45,jabat,7.75,168.9751,27.87,85,71,9.39,MH,1701983738
46,jaisinghnagar,23.7,81.3833,14.27,96,3,1.82,IN,1701983738
47,babayevo,59.3936,35.9371,-21.3,100,100,1.16,RU,1701983739
48,virginia,37.5481,-77.4467,10.75,49,20,6.17,US,1701983711
49,bamboo flat,11.7,92.7167,25.05,94,20,1.03,IN,1701983739
50,albany,42.6001,-73.9662,-0.71,86,99,1.18,US,1701983491
51,montorio al vomano,42.5831,13.6383,6.31,85,11,1.96,IT,1701983741
52,whitehorse,60.7161,-135.0538,-2.21,79,75,6.71,CA,1701983741
53,mirny,62.5353,113.9611,-44.87,64,71,0.89,RU,1701983741
54,lebu,-37.6167,-73.65,15.1,78,2,6.99,CL,1701983741
55,cidreira,-30.1811,-50.2056,22.83,93,100,2.39,BR,1701983741
56,atafu village,-8.5421,-172.5159,29.02,74,63,2.57,TK,1701983742
57,thompson,55.7435,-97.8558,-6.91,100,75,1.03,CA,1701983742
58,uturoa,-16.7333,-151.4333,26.77,81,79,4.84,PF,1701983742
59,hawaiian paradise park,19.5933,-154.9731,26.73,81,75,6.17,US,1701983742
60,viedma,-40.8135,-62.9967,20.25,35,4,7.7,AR,1701983742
61,port lincoln,-34.7333,135.8667,21.62,60,100,1.58,AU,1701983742
62,olonkinbyen,70.9221,-8.7187,-1.8,77,9,5.43,SJ,1701983742
63,badger,64.8,-147.5333,-17.05,78,0,3.6,US,1701983743
64,tiksi,71.6872,128.8694,-32.42,99,86,2.36,RU,1701983743
65,el calafate,-50.3408,-72.2768,16.84,42,48,2.81,AR,1701983743
66,progreso,21.2833,-89.6667,27.84,63,87,5.43,MX,1701983743
67,west island,-12.1568,96.8225,25.99,83,75,6.69,CC,1701983743
68,severobaykal'sk,55.65,109.3167,-26.94,92,28,5.08,RU,1701983744
69,bodaybo,57.8506,114.1933,-32.02,98,100,0.71,RU,1701983744
70,merritt,50.1123,-120.7942,1.29,84,100,0.89,CA,1701983744
71,port mathurin,-19.6833,63.4167,25.78,77,4,3.55,MU,1701983744
72,nouna,12.7333,-3.8667,27.07,14,50,2.37,BF,1701983744
73,hasaki,35.7333,140.8333,3.22,39,0,1.64,JP,1701983744
74,priyutovo,53.9,53.9333,-24.73,98,10,1.74,RU,1701983744
75,sitka,57.0531,-135.33,3.94,87,75,0.0,US,1701983744
76,pandan,14.0453,124.1694,26.79,73,100,3.6,PH,1701983745
77,leava,-14.3,-178.1667,28.12,79,79,6.33,WF,1701983745
78,codrington,-38.2667,141.9667,24.41,44,99,3.92,AU,1701983745
79,qaqortoq,60.7167,-46.0333,3.52,54,100,6.0,GL,1701983745
80,bilibino,68.0546,166.4372,-37.3,100,76,0.99,RU,1701983745
81,enewetak,11.3474,162.3373,27.71,79,100,9.79,MH,1701983745
82,homestead meadows north,31.8496,-106.1729,22.71,14,20,6.69,US,1701983745
83,fonte boa,-2.4959,-66.2662,26.8,93,87,0.65,BR,1701983745
84,sitangkai,4.6628,119.3928,27.43,82,85,4.78,PH,1701983746
85,ghat,24.9647,10.1728,16.45,31,0,2.97,LY,1701983746
86,ancud,-41.8697,-73.8203,14.78,63,0,4.22,CL,1701983746
87,guerrero negro,27.9769,-114.0611,20.83,62,0,8.59,MX,1701983746
88,tazovsky,67.4667,78.7,-25.33,96,96,4.93,RU,1701983746
89,vodnyy,63.5046,53.4095,-31.99,100,26,1.28,RU,1701983746
90,nouadhibou,20.931,-17.0347,23.99,43,6,6.17,MR,1701983746
91,ribeira grande,38.5167,-28.7,18.22,88,75,9.39,PT,1701983747
92,tolanaro,-25.0319,46.9987,23.18,81,89,6.48,MG,1701983747
93,muriti,-1.9833,32.9167,23.19,72,26,2.05,TZ,1701983747
94,tura,25.5198,90.2201,15.92,96,100,2.08,IN,1701983747
95,vila franca do campo,37.7167,-25.4333,18.27,99,97,3.42,PT,1701983747
96,cabo san lucas,22.8909,-109.9124,29.78,48,0,3.09,MX,1701983506
97,keflavik,64.0049,-22.5624,2.24,51,0,2.06,IS,1701983747
98,rikaze,29.25,88.8833,-1.28,92,90,0.58,CN,1701983747
99,hamilton,39.1834,-84.5333,14.0,53,0,5.66,US,1701983748
100,luderitz,-26.6481,15.1594,16.95,81,0,6.41,NA,1701983453
101,ad dawadimi,24.5077,44.3924,15.64,22,0,3.16,SA,1701983748
102,olyokminsk,60.3736,120.4264,-33.64,97,100,0.62,RU,1701983748
103,blackmans bay,-43.0167,147.3167,14.07,83,100,0.45,AU,1701983748
104,jamestown,42.097,-79.2353,4.77,79,100,3.09,US,1701983566
105,severo-yeniseyskiy,60.3725,93.0408,-31.9,93,97,1.34,RU,1701983748
106,namibe,-15.1961,12.1522,22.99,79,97,3.42,AO,1701983748
107,atlantic city,39.3643,-74.4229,5.01,75,100,3.09,US,1701983748
108,hammerfest,70.6634,23.6821,-4.75,63,0,6.17,NO,1701983748
109,ust-nera,64.5667,143.2,-35.34,93,100,1.93,RU,1701983749
110,aripuana,-9.1667,-60.6333,34.78,40,67,0.88,BR,1701983749
111,udachny,66.4167,112.4,-25.31,75,100,1.36,RU,1701983749
112,acapulco de juarez,16.8634,-99.8901,29.9,74,75,4.12,MX,1701983686
113,rancho palos verdes,33.7445,-118.387,21.11,73,20,6.17,US,1701983749
114,egilsstadir,65.2653,-14.3948,-2.05,59,20,5.14,IS,1701983749
115,weno,7.4515,151.8468,25.97,100,100,4.63,FM,1701983749
116,namtsy,62.7161,129.6658,-35.76,90,100,1.91,RU,1701983749
117,yuzhno-kurilsk,44.0306,145.8556,3.54,89,99,13.08,RU,1701983749
118,mata-utu,-13.2816,-176.1745,28.34,80,48,6.2,WF,1701983750
119,kerikeri,-35.2268,173.9474,18.84,76,9,0.45,NZ,1701983750
120,posto fiscal rolim de moura,-13.0833,-62.2667,28.12,72,68,3.89,BR,1701983750
121,dubai,25.2582,55.3047,23.96,57,0,2.06,AE,1701983706
122,isafjordur,66.0755,-23.124,-0.97,75,94,5.34,IS,1701983750
123,la'ie,21.6477,-157.9253,28.34,67,25,1.34,US,1701983750
124,tadine,-21.55,167.8833,24.07,73,100,8.13,NC,1701983750
125,vorgashor,67.5833,63.95,-26.06,98,100,2.04,RU,1701983750
126,gadzhiyevo,69.2551,33.3362,-14.3,96,92,6.57,RU,1701983750
127,puerto quijarro,-17.7833,-57.7667,30.6,52,90,1.19,BO,1701983750
128,gisborne,-38.6533,178.0042,16.86,64,100,2.13,NZ,1701983751
129,pearsall,28.8922,-99.095,23.66,55,100,7.07,US,1701983751
130,nantucket,41.2835,-70.0995,-0.94,67,0,5.14,US,1701983631
131,lucea,18.451,-78.1736,29.36,72,49,8.26,JM,1701983751
132,ati,13.2154,18.3353,25.22,14,9,4.64,TD,1701983751
133,cox's bazar,21.4532,91.9798,23.12,94,94,1.08,BD,1701983589
134,kailua-kona,19.6406,-155.9956,28.61,71,75,4.63,US,1701983751
135,la passe,45.5549,-0.8967,12.23,95,100,4.08,FR,1701983751
136,maracacume,-2.0428,-45.9592,28.84,64,97,2.5,BR,1701983752
137,chibougamau,49.9168,-74.3659,-15.21,85,0,1.03,CA,1701983752
138,tegueste,28.5167,-16.3167,16.71,84,20,2.06,ES,1701983752
139,puerto baquerizo moreno,-0.9,-89.6,26.55,74,75,6.17,EC,1701983546
140,pisco,-13.7,-76.2167,23.03,68,0,9.26,PE,1701983460
141,fish town,5.1964,-7.8756,23.4,92,42,1.54,LR,1701983752
142,katsuren-haebaru,26.3369,127.8719,17.01,63,0,3.33,JP,1701983752
143,kargasok,59.0556,80.8572,-24.46,91,100,3.58,RU,1701983752
144,invercargill,-46.4,168.35,14.49,58,93,3.9,NZ,1701983752
145,fortuna,40.5982,-124.1573,13.29,80,40,1.34,US,1701983752
146,shache,38.4167,77.2406,7.62,15,98,2.47,CN,1701983752
147,mount pearl,47.5166,-52.7813,-2.7,91,100,7.2,CA,1701983555
148,kununurra,-15.7667,128.7333,26.99,83,89,3.09,AU,1701983753
149,san andres,12.5847,-81.7006,31.01,62,20,4.63,CO,1701983753
150,gronau,52.2,7.0333,2.08,78,100,1.34,DE,1701983753
151,bayganin,48.6947,55.8742,-8.04,74,100,5.18,KZ,1701983753
152,avarua,-21.2078,-159.775,26.03,69,75,7.2,CK,1701983753
153,petropavlovsk-kamchatsky,53.0452,158.6483,-7.53,72,75,2.24,RU,1701983753
154,mogocha,53.7333,119.7667,-25.69,89,100,1.36,RU,1701983753
155,najaf,31.9985,44.3398,18.73,35,90,2.9,IQ,1701983753
156,al bayda',32.7627,21.7551,10.47,96,29,2.47,LY,1701983753
157,bodden town,19.2833,-81.25,29.0,74,75,7.2,KY,1701983754
158,tralee,52.2704,-9.7026,8.14,87,40,7.2,IE,1701983754
159,sao paulo de olivenca,-3.3783,-68.8725,27.55,79,94,1.32,BR,1701983754
160,maceio,-9.6658,-35.7353,26.69,83,20,4.12,BR,1701983495
161,labrador city,52.9463,-66.9114,-11.05,85,75,4.63,CA,1701983754
162,sragen,-7.4264,111.0222,24.53,92,99,2.84,ID,1701983754
163,haimen,23.1935,116.6142,10.94,79,91,3.22,CN,1701983754
164,maffra,-37.9667,146.9833,18.69,79,100,0.74,AU,1701983754
165,flying fish cove,-10.4217,105.6791,24.82,83,40,1.54,CX,1701983754
166,afua,-0.1567,-50.3867,27.54,78,100,3.4,BR,1701983478
167,san patricio,28.017,-97.5169,24.4,55,100,7.06,US,1701983755
168,tongliao,43.6125,122.2653,0.8,77,58,6.43,CN,1701983755
169,ilulissat,69.2167,-51.1,-2.99,63,20,0.0,GL,1701983755
170,gandarbal,34.2333,74.7833,3.44,24,27,1.62,IN,1701983731
171,plainview,40.7765,-73.4673,3.9,77,100,5.14,US,1701983710
172,freetown,8.484,-13.2299,26.83,78,1,2.94,SL,1701983755
173,pulandian,39.3953,121.9669,5.53,94,0,1.75,CN,1701983755
174,neiafu,-18.65,-173.9833,29.38,74,40,3.6,TO,1701983755
175,jinghong,21.991,100.7341,19.06,97,75,0.36,CN,1701983755
176,burunday,43.3603,76.8578,-2.08,86,100,2.0,KZ,1701983755
177,howard springs,-12.497,131.047,25.95,95,89,1.22,AU,1701983756
178,sandnessjoen,66.0217,12.6316,-0.88,80,75,3.09,NO,1701983756
179,nova aurora,-22.8667,-52.5667,24.1,85,100,1.67,BR,1701983756
180,new norfolk,-42.7826,147.0587,14.72,55,100,1.02,AU,1701983756
181,laojunmiao,39.8333,97.7333,-1.62,31,56,1.19,CN,1701983756
182,uacu cungo,-11.3634,15.1208,17.98,97,87,0.86,AO,1701983756
183,polyarnyy,69.1989,33.4478,-13.7,94,89,6.89,RU,1701983756
184,puerto ayora,-0.7393,-90.3518,28.98,93,98,1.79,EC,1701983756
185,hilo,19.7297,-155.09,26.85,75,75,6.17,US,1701983756
186,mili,6.0815,171.735,27.93,83,51,8.66,MH,1701983756
187,canoinhas,-26.1772,-50.39,20.62,99,100,0.53,BR,1701983757
188,nemuro,43.3236,145.575,1.08,61,65,13.73,JP,1701983757
189,punta arenas,-53.15,-70.9167,11.06,66,0,5.14,CL,1701983578
190,pangody,65.85,74.4859,-20.15,98,100,5.75,RU,1701983757
191,nizhnevartovsk,60.9344,76.5531,-33.99,75,0,2.0,RU,1701983757
192,kitakata,37.65,139.8667,6.58,93,95,3.66,JP,1701983757
193,divnogorsk,55.9594,92.3619,-29.03,97,100,1.89,RU,1701983757
194,walvis bay,-22.9575,14.5053,16.72,80,2,5.7,NA,1701983757
195,georgetown,5.4112,100.3354,25.96,92,20,1.54,MY,1701983757
196,juba,4.8517,31.5825,27.99,40,16,1.48,SS,1701983757
197,ozurgeti,41.9231,42.0059,13.51,73,100,1.41,GE,1701983758
198,saint-pierre,-21.3393,55.4781,25.32,88,100,1.54,RE,1701983758
199,lagoa,39.05,-27.9833,17.19,77,100,11.2,PT,1701983758
200,ar ruways,24.1103,52.7306,22.57,53,0,3.55,AE,1701983758
201,cabedelo,-6.9811,-34.8339,28.37,74,99,5.0,BR,1701983654
202,ad duraykish,34.8967,36.1329,13.86,90,100,0.92,SY,1701983758
203,remire-montjoly,4.9167,-52.2667,28.02,83,40,5.14,GF,1701983758
204,dudinka,69.4058,86.1778,-24.62,98,16,4.92,RU,1701983758
205,mahina,-17.5065,-149.489,28.87,74,75,7.72,PF,1701983758
206,cromer,52.9312,1.2989,6.0,100,100,5.81,GB,1701983759
207,rosarito,32.3333,-117.0333,20.13,70,29,3.59,MX,1701983705
208,yaren,-0.5472,166.916,26.07,88,100,3.75,NR,1701983759
209,utrik,11.2278,169.8474,27.55,81,40,10.54,MH,1701983759
210,aral,40.5156,81.2636,2.89,37,14,3.88,CN,1701983759
211,colonia,50.9333,6.95,2.68,83,20,6.17,DE,1701983759
212,midvagur,62.0511,-7.1939,6.46,75,75,11.83,FO,1701983759
213,mezhdurechenskiy,59.6,65.9333,-32.72,94,19,1.76,RU,1701983759
214,nishinoomote,30.7333,131.0,15.25,51,0,2.66,JP,1701983759
215,xishan,27.6667,113.5,11.23,55,9,1.5,CN,1701983759
216,east london,-33.0153,27.9116,22.2,88,45,4.24,ZA,1701983760
217,kone,-21.0595,164.8658,25.65,55,100,3.33,NC,1701983760
218,ardestan,33.3761,52.3694,10.51,28,10,0.59,IR,1701983760
219,lake havasu city,34.4839,-114.3224,23.84,26,100,3.09,US,1701983641
220,dakhla,23.6848,-15.958,20.01,83,82,9.77,EH,1701983760
221,ruteng,-8.6136,120.4721,17.39,92,64,0.71,ID,1701983760
222,leshan,29.5623,103.7639,13.19,81,99,0.8,CN,1701983760
223,dukku,10.8231,10.7717,22.87,18,8,2.52,NG,1701983761
224,kidal,18.4411,1.4078,24.64,12,27,2.55,ML,1701983761
225,port-cartier,50.0334,-66.8654,-6.18,85,6,2.85,CA,1701983761
226,esquel,-42.9,-71.3167,23.19,35,13,2.17,AR,1701983663
227,kapuskasing,49.4169,-82.4331,-0.95,86,100,2.57,CA,1701983462
228,hermanus,-34.4187,19.2345,18.89,87,26,4.32,ZA,1701983761
229,richards bay,-28.783,32.0377,21.8,93,100,7.34,ZA,1701983761
230,murzuq,25.9155,13.9184,15.15,32,10,4.83,LY,1701983762
231,antofagasta,-23.65,-70.4,19.6,71,9,4.56,CL,1701983740
232,nikolayevsk-on-amure,53.1406,140.73,-9.0,91,100,5.14,RU,1701983762
233,pacific grove,36.6177,-121.9166,16.71,70,0,3.6,US,1701983515
234,emporia,38.4039,-96.1817,20.11,40,0,9.26,US,1701983762
235,ambam,2.3833,11.2833,20.66,97,70,0.33,CM,1701983486
236,karratha,-20.7377,116.8463,29.77,28,3,6.08,AU,1701983763
237,le port,-20.9373,55.2919,25.98,98,59,1.4,RE,1701983763
238,keyser,39.4409,-78.9739,11.26,51,14,1.79,US,1701983763
239,phan rang-thap cham,11.5667,108.9833,22.61,83,92,2.79,VN,1701983763
240,tual,-5.6667,132.75,28.84,70,97,0.6,ID,1701983764
241,nar'yan-mar,67.6713,53.087,-14.38,96,100,3.58,RU,1701983764
242,labuan bajo,-8.4964,119.8877,26.01,87,52,4.29,ID,1701983764
243,hakodate,41.7758,140.7367,0.88,61,80,9.93,JP,1701983765
244,isla mujeres,21.2311,-86.731,25.09,70,100,4.64,MX,1701983765
245,tsiombe,-25.3,45.4833,22.58,80,68,7.76,MG,1701983765
246,justo daract,-33.8594,-65.1828,30.15,20,0,7.09,AR,1701983765
247,morehead city,34.7229,-76.726,13.0,59,0,3.6,US,1701983746
248,nova sintra,14.8667,-24.7167,21.73,72,100,5.05,CV,1701983765
249,nyurba,63.2842,118.3319,-51.52,100,70,0.48,RU,1701983766
250,luau,-10.7073,22.2247,18.41,95,59,1.45,AO,1701983766
251,kalevala,65.2,31.1667,-18.84,100,97,1.34,RU,1701983766
252,san luis,-33.295,-66.3356,29.76,19,3,6.8,AR,1701983516
253,coquimbo,-29.9533,-71.3436,17.85,72,40,5.14,CL,1701983740
254,kihancha,-1.1838,34.6262,18.75,86,98,1.3,KE,1701983767
255,marsh harbour,26.5412,-77.0636,21.79,55,45,4.97,BS,1701983767
256,ganshui,28.7422,106.7111,13.22,72,91,0.13,CN,1701983767
257,iskateley,67.6803,53.1512,-14.43,96,100,3.58,RU,1701983767
258,carloforte,39.145,8.3058,14.39,65,52,1.34,IT,1701983768
259,west bay,19.3667,-81.4167,29.04,74,75,7.2,KY,1701983768
260,new plymouth,-39.0667,174.0833,16.29,64,98,1.84,NZ,1701983768
261,usinsk,65.9939,57.5281,-19.96,99,100,3.13,RU,1701983768
262,chonchi,-42.6128,-73.8092,18.56,48,0,0.96,CL,1701983768
263,greymouth,-42.4667,171.2,14.93,57,65,1.8,NZ,1701983769
264,howrah,22.5892,88.3103,19.0,94,75,2.06,IN,1701983769
265,kutum,14.2,24.6667,17.98,16,74,2.81,SD,1701983769
266,beni,0.5,29.4667,17.19,99,82,0.98,CD,1701983770
267,cafayate,-26.073,-65.9761,22.02,56,94,4.87,AR,1701983770
268,gaspe,48.8334,-64.4819,-3.58,73,93,6.73,CA,1701983480
269,antsiranana,-12.2787,49.2917,26.34,77,58,6.5,MG,1701983770
270,mil'kovo,55.6078,37.7956,-11.78,100,98,1.81,RU,1701983770
271,batangafo,7.3008,18.2833,25.71,37,74,0.05,CF,1701983771
272,urangan,-25.3,152.9,24.39,72,8,6.26,AU,1701983771
273,shevchenko,48.5,35.0,-0.22,86,100,6.56,UA,1701983716
274,lucieni,44.85,25.4333,1.29,99,100,1.77,RO,1701983771
275,dadukou,26.5479,101.7054,12.34,84,93,0.68,CN,1701983771
276,arkhara,49.4212,130.0842,-19.02,93,100,1.79,RU,1701983772
277,benguela,-12.5763,13.4055,26.55,82,100,2.07,AO,1701983772
278,bargaal,11.2864,51.0773,23.98,65,96,4.85,SO,1701983772
279,lisala,2.15,21.5167,21.81,97,97,0.98,CD,1701983772
280,xiva,41.3783,60.3639,-4.01,35,100,6.78,UZ,1701983772
281,toliara,-23.35,43.6667,26.0,62,12,4.27,MG,1701983773
282,pemangkat,1.1667,108.9667,25.65,87,99,1.76,ID,1701983773
283,kangding,30.0513,101.9603,8.54,53,100,2.17,CN,1701983773
284,ugoofaaru,5.6667,73.0,28.53,78,100,11.44,MV,1701983774
285,ladario,-19.0047,-57.6017,31.16,62,0,2.57,BR,1701983748
286,tamanrasset,22.785,5.5228,13.95,15,0,2.57,DZ,1701983774
287,margate,51.3813,1.3862,7.72,90,100,5.36,GB,1701983774
288,farasan,16.7022,42.1183,27.73,64,49,2.61,SA,1701983774
289,puerto deseado,-47.7503,-65.8938,11.79,62,0,4.31,AR,1701983491
290,arraial do cabo,-22.9661,-42.0278,29.98,65,0,7.2,BR,1701983775
291,valparaiso,-33.0393,-71.6273,20.0,68,20,6.17,CL,1701983772
292,hotan,37.0997,79.9269,8.57,8,8,3.92,CN,1701983775
293,saldanha,-33.0117,17.9442,17.19,92,0,4.49,ZA,1701983775
294,babura,12.7731,9.0158,23.99,15,92,3.54,NG,1701983775
295,chinde,26.8418,88.0763,10.79,83,91,0.86,NP,1701983775
296,axim,4.8699,-2.2405,26.88,80,66,3.02,GH,1701983776
297,vera,-29.4593,-60.2126,27.89,53,1,4.25,AR,1701983776
298,cowra,-33.8333,148.6833,25.25,47,73,1.1,AU,1701983776
299,ukholovo,53.7929,40.4892,-16.98,96,16,3.21,RU,1701983776
300,port isabel,26.0734,-97.2086,24.02,75,100,7.72,US,1701983596
301,khanty-mansiysk,61.0042,69.0019,-36.94,67,100,2.0,RU,1701983777
302,basco,20.4487,121.9702,24.91,82,100,9.83,PH,1701983777
303,labuan,5.2767,115.2417,25.2,94,40,1.54,MY,1701983777
304,minot air force base,48.4209,-101.3391,12.1,63,75,2.57,US,1701983777
305,kavieng,-2.5744,150.7967,27.38,82,95,3.14,PG,1701983777
306,luganville,-15.5333,167.1667,26.48,86,100,4.5,VU,1701983777
307,magadan,59.5667,150.8,-7.48,81,100,7.62,RU,1701983777
308,pizarro,4.9533,-77.366,26.64,83,93,2.68,CO,1701983778
309,souillac,-20.5167,57.5167,25.21,94,40,0.0,MU,1701983778
310,lerwick,60.1545,-1.1494,6.0,75,100,15.37,GB,1701983778
311,villa del prado,40.2692,-4.3046,11.29,98,100,2.09,ES,1701983778
312,kourou,5.1552,-52.6478,28.03,86,32,3.88,GF,1701983778
313,mount gambier,-37.8333,140.7667,22.67,50,95,3.78,AU,1701983779
314,les cayes,18.2,-73.75,29.38,61,26,2.83,HT,1701983779
315,boa vista,2.8197,-60.6733,27.99,69,75,1.03,BR,1701983779
316,weihai,37.5017,122.1136,10.35,82,0,6.35,CN,1701983716
317,inderbor,48.55,51.7833,-5.6,79,100,4.96,KZ,1701983780
318,qinzhou,21.95,108.6167,17.07,71,80,2.14,CN,1701983780
319,jiagedaqi,50.4167,124.1167,-16.18,95,100,2.97,CN,1701983780
320,ola,59.5833,151.2833,-7.14,78,100,6.8,RU,1701983780
321,dryden,49.7833,-92.7503,3.16,75,100,3.09,CA,1701983781
322,diyadin,39.5406,43.6713,1.1,93,98,1.53,TR,1701983781
323,panino,51.6467,40.1346,-8.36,91,34,4.9,RU,1701983781
324,westport,41.1415,-73.3579,4.07,67,100,2.57,US,1701983577
325,mutuali,-14.8706,37.0044,25.86,58,100,1.44,MZ,1701983782
326,esil,51.9556,66.4042,-32.24,98,6,2.61,KZ,1701983782
327,qamdo,31.1667,97.2333,-4.95,51,100,0.15,CN,1701983782
328,akdagmadeni,39.6603,35.8836,6.2,77,100,3.12,TR,1701983782
329,yarmouth,41.7057,-70.2286,-0.55,67,20,2.06,US,1701983783
330,sinop,41.7711,34.8709,8.84,80,75,3.47,TR,1701983783
331,kipalbig,6.4108,124.925,23.77,95,73,0.48,PH,1701983783
332,warwick,41.7001,-71.4162,1.28,48,75,4.12,US,1701983669
333,bathsheba,13.2167,-59.5167,25.34,94,75,6.17,BB,1701983529
334,singkil,-7.9855,111.4161,24.74,93,86,1.78,ID,1701983784
335,yashkul',46.1711,45.3435,-0.74,79,97,7.68,RU,1701983784
336,sabang,5.8933,95.3214,27.38,82,99,5.2,ID,1701983784
337,dickinson,29.4608,-95.0513,22.27,65,0,6.17,US,1701983784
338,landskrona,55.8708,12.8302,1.97,96,100,1.76,SE,1701983785
339,sidi khaled,34.387,4.9879,13.09,55,15,2.4,DZ,1701983785
340,mahanoro,-19.9,48.8,22.74,81,70,1.27,MG,1701983785
341,sao vicente,-23.9631,-46.3919,35.1,26,61,0.89,BR,1701983617
342,nogliki,51.8333,143.1667,-3.14,96,100,5.36,RU,1701983785
343,la ronge,55.1001,-105.2842,-1.86,80,75,3.09,CA,1701983786
344,lihue,21.9789,-159.3672,26.52,71,75,2.57,US,1701983786
345,puerto lempira,15.2667,-83.7667,28.08,83,40,3.09,HN,1701983657
346,katoya,23.65,88.1333,18.33,94,62,3.51,IN,1701983786
347,nago,26.5881,127.9761,15.81,64,0,2.52,JP,1701983787
348,murray bridge,-35.1167,139.2667,30.07,42,61,6.87,AU,1701983787
349,castillos,-34.1667,-53.8333,17.93,74,49,6.92,UY,1701983787
350,saint-philippe,-21.3585,55.7679,23.77,88,66,3.86,RE,1701983787
351,lensk,60.7253,114.9278,-44.29,100,96,1.13,RU,1701983787
352,haiku-pauwela,20.9219,-156.3051,27.01,60,40,3.09,US,1701983788
353,bandarbeyla,9.4942,50.8122,24.65,67,2,8.6,SO,1701983788
354,champoton,19.35,-90.7167,26.48,55,99,3.61,MX,1701983788
355,smithers,54.7804,-127.1743,-3.82,93,100,2.57,CA,1701983788
356,saipan,15.1355,145.701,27.39,83,40,5.66,MP,1701983788
357,ta`u,-14.2336,-169.5144,27.26,84,68,5.82,AS,1701983788
358,tarko-sale,64.9225,77.785,-22.22,98,100,6.19,RU,1701983789
359,palikir - national government center,6.9248,158.1611,28.41,74,100,6.17,FM,1701983789
360,ouahigouya,13.5828,-2.4216,26.09,12,31,4.84,BF,1701983789
361,ajaokuta,7.5623,6.655,29.42,31,91,0.96,NG,1701983789
362,anar darah,32.7587,61.654,10.29,23,0,0.82,AF,1701983789
363,monrovia,6.3005,-10.7969,26.87,79,16,3.04,LR,1701983790
364,praia da vitoria,38.7333,-27.0667,18.2,82,40,8.13,PT,1701983790
365,broken hill,-31.95,141.4333,32.49,25,100,8.58,AU,1701983790
366,midelt,32.6852,-4.7451,13.62,36,100,6.94,MA,1701983790
367,merizo village,13.2658,144.6691,27.31,85,100,8.2,GU,1701983790
368,mitu,1.1983,-70.1733,24.35,98,99,1.42,CO,1701983790
369,carnarvon,-24.8667,113.6333,20.8,71,0,10.06,AU,1701983791
370,at taj,24.2049,23.2857,15.18,29,0,2.1,LY,1701983791
371,yulinshi,38.2906,109.7494,2.74,36,11,3.42,CN,1701983791
372,sisimiut,66.9395,-53.6735,-5.07,70,100,2.69,GL,1701983791
373,rio grande,-32.035,-52.0986,24.06,78,89,11.26,BR,1701983515
374,jiuquan,39.7432,98.5174,-0.62,35,99,1.37,CN,1701983792
375,saynshand,44.8824,110.1163,-6.35,75,90,6.44,MN,1701983792
376,ouesso,1.6136,16.0517,22.15,96,75,0.75,CG,1701983792
377,pine bluff,34.2284,-92.0032,17.96,40,0,5.66,US,1701983755
378,mola di bari,41.0609,17.0873,8.21,54,8,6.94,IT,1701983793
379,plastun,44.7561,136.2939,-9.62,68,0,2.22,RU,1701983794
380,manokwari,-0.8667,134.0833,26.31,81,100,2.64,ID,1701983794
381,bambanglipuro,-7.95,110.2833,25.17,88,97,1.01,ID,1701983794
382,liwale,-9.7667,37.9333,22.58,93,93,1.18,TZ,1701983794
383,forster,-32.1667,152.5167,24.6,80,27,2.72,AU,1701983794
384,toamasina,-18.1667,49.3833,23.98,80,96,3.56,MG,1701983794
385,carletonville,-26.3609,27.3977,19.43,55,34,5.64,ZA,1701983795
386,kudahuvadhoo,2.6708,72.8944,27.06,82,98,8.51,MV,1701983795
387,newman,37.3138,-121.0208,17.79,37,17,1.79,US,1701983795
388,lata,40.1629,-8.3327,13.93,97,86,2.32,PT,1701983795
389,vuktyl,63.8567,57.3094,-27.58,98,100,1.16,RU,1701983796
390,vila do maio,15.1333,-23.2167,24.44,74,100,5.91,CV,1701983778
391,berbera,10.4396,45.0143,25.27,65,29,3.9,SO,1701983796
392,fisterra,42.9049,-9.2629,14.86,79,96,8.58,ES,1701983796
393,selfoss,63.9331,-20.9971,-3.67,60,68,5.44,IS,1701983796
394,bubaque,11.2833,-15.8333,27.85,70,27,6.02,GW,1701983797
395,altai,46.3722,96.2583,-14.59,60,0,0.44,MN,1701983797
396,woolgoolga,-30.1106,153.2007,24.93,82,16,0.64,AU,1701983797
397,inyonga,-6.7167,32.0667,19.32,90,50,1.82,TZ,1701983797
398,st. john's,47.5649,-52.7093,-2.24,91,100,7.72,CA,1701983666
399,hailey,43.5196,-114.3153,2.72,84,27,3.53,US,1701983503
400,zhaotong,27.3167,103.7167,6.95,90,19,1.89,CN,1701983797
401,kumagunnam,13.1551,10.6342,22.91,14,88,4.35,NG,1701983797
402,plettenberg bay,-34.0527,23.3716,19.09,60,0,3.59,ZA,1701983798
403,queenstown,-31.8976,26.8753,17.89,64,58,1.17,ZA,1701983715
404,altamira,-3.2033,-52.2064,29.05,84,20,0.0,BR,1701983798
405,kruisfontein,-34.0033,24.7314,18.82,57,0,3.55,ZA,1701983798
406,ushachy,55.1786,28.6035,-10.91,95,100,3.38,BY,1701983798
407,hami,42.8,93.45,-0.33,56,32,3.39,CN,1701983798
408,aasiaat,68.7098,-52.8699,-12.14,88,100,1.18,GL,1701983798
409,itaituba,-4.2761,-55.9836,23.09,94,100,1.03,BR,1701983634
410,fortaleza,-3.7227,-38.5247,29.48,75,20,4.63,BR,1701983799
411,kapa'a,22.0752,-159.319,26.93,77,75,2.57,US,1701983799
412,flin flon,54.7682,-101.865,-2.09,93,100,1.54,CA,1701983799
413,fort bragg,35.139,-79.006,12.73,38,0,4.63,US,1701983799
414,naze,28.3667,129.4833,11.51,64,0,0.75,JP,1701983799
415,agacoren,38.8748,33.9167,6.79,71,100,2.99,TR,1701983800
416,ishim,56.1128,69.4902,-31.09,97,8,2.68,RU,1701983800
417,kaeng khro,16.1086,102.2581,21.23,69,8,1.61,TH,1701983800
418,blaye,45.1667,-0.5,13.93,98,100,2.68,FR,1701983800
419,ciudad madero,22.2667,-97.8333,20.11,94,100,2.82,MX,1701983800
420,pali,25.7667,73.3333,16.18,34,0,3.45,IN,1701983800
421,noumea,-22.2763,166.4572,26.99,99,100,6.14,NC,1701983800
422,al ghayzah,16.2079,52.176,24.5,56,46,2.35,YE,1701983801
423,christchurch,-43.5333,172.6333,17.52,67,75,4.63,NZ,1701983766
424,port alfred,-33.5906,26.891,20.1,94,21,3.13,ZA,1701983801
425,mumford,5.2618,-0.759,27.18,81,100,3.47,GH,1701983801
426,nova vicosa,-17.8919,-39.3719,26.16,77,5,5.33,BR,1701983801
427,portland,45.5234,-122.6762,9.65,94,75,2.68,US,1701983733
428,ostersund,63.1792,14.6357,-20.75,84,20,0.0,SE,1701983801
429,itoman,26.1247,127.6694,17.01,72,20,3.6,JP,1701983694
430,aguas vermelhas,-15.7472,-41.46,27.96,42,73,3.13,BR,1701983716
431,kuacjok,8.3002,27.9903,26.38,24,5,2.46,SS,1701983802
432,hargeysa,9.56,44.065,15.57,73,65,3.78,SO,1701983802
433,gizo,-8.103,156.8419,27.93,81,96,7.31,SB,1701983802
434,socorro,31.6546,-106.3033,23.56,15,40,6.69,US,1701983802
435,palmer,42.1584,-72.3287,0.9,62,75,2.57,US,1701983802
436,al jawf,29.5,38.75,17.44,57,43,4.34,SA,1701983802
437,gazli,40.1333,63.45,2.91,32,100,3.94,UZ,1701983802
438,byron bay,-28.65,153.6167,22.62,74,1,1.6,AU,1701983771
439,six-fours-les-plages,43.0938,5.84,11.72,76,100,2.68,FR,1701983803
440,dalbandin,28.8947,64.4101,12.89,19,0,1.0,PK,1701983803
441,constantia,44.1833,28.65,1.5,93,100,8.66,RO,1701983803
442,matai,-8.3,31.5167,15.89,93,61,1.57,TZ,1701983803
443,makoua,0.0069,15.6333,22.56,97,100,0.97,CG,1701983803
444,faya-largeau,17.9257,19.1043,21.99,18,66,3.41,TD,1701983803
445,ternate,0.8,127.4,27.21,82,100,1.98,ID,1701983803
446,cullinan,-25.6709,28.5236,20.46,71,56,3.66,ZA,1701983803
447,knyaze-volkonskoye,48.4642,135.4567,-15.81,98,37,3.12,RU,1701983803
448,seven pagodas,12.6264,80.1722,26.03,83,45,2.92,IN,1701983804
449,inda silase,14.1031,38.2829,16.41,38,9,2.11,ET,1701983804
450,praia,14.9215,-23.5087,24.3,73,20,6.69,CV,1701983789
451,tulln,48.3283,16.0586,1.08,91,20,1.03,AT,1701983804
452,lethem,3.3803,-59.7968,31.06,54,100,2.85,GY,1701983804
453,andratx,39.5755,2.4202,16.56,82,100,8.04,ES,1701983804
454,ashburton,-37.8626,145.0794,22.92,68,100,0.45,AU,1701983804
455,broome,42.2506,-75.833,2.06,91,100,2.57,US,1701983804
456,miles city,46.4083,-105.8406,8.54,81,100,5.66,US,1701983804
457,vila velha,-20.3297,-40.2925,27.97,79,0,7.2,BR,1701983804
458,lodwar,3.1191,35.5973,29.71,36,1,4.2,KE,1701983804
459,kapit,2.0167,112.9333,23.02,99,100,0.31,MY,1701983805
460,kampong chhnang,12.1667,104.55,24.27,77,69,1.86,KH,1701983805
461,kegeyli shahar,42.7767,59.6078,-4.95,39,98,7.19,UZ,1701983805
462,ciudad cuauhtemoc,22.1833,-97.8333,20.06,94,100,2.59,MX,1701983805
463,karak city,31.1637,35.762,13.3,61,100,2.72,JO,1701983805
464,podporozh'ye,60.9112,34.1706,-19.26,99,80,1.04,RU,1701983805
465,picota,-6.9197,-76.3304,32.27,60,76,1.32,PE,1701983805
466,taounate,34.5,-4.8333,16.09,87,61,2.09,MA,1701983805
467,odda,60.0691,6.5457,-1.79,83,10,4.28,NO,1701983806
468,nyala,12.05,24.8833,23.38,17,100,3.76,SD,1701983806
469,grand baie,-20.0182,57.5802,25.26,93,7,0.45,MU,1701983806
470,maryborough,-25.5333,152.7,24.35,70,23,3.3,AU,1701983806
471,homer,59.6425,-151.5483,2.09,71,100,2.57,US,1701983798
472,kinablangan,7.6947,126.5503,25.4,88,43,1.55,PH,1701983806
473,papao,-17.75,-149.55,28.82,79,83,9.03,PF,1701983806
474,wichita falls,33.9137,-98.4934,22.45,52,0,10.8,US,1701983586
475,kuala belait,4.5833,114.1833,25.09,90,100,1.92,BN,1701983806
476,san luis de la loma,17.2706,-100.8939,29.24,63,85,2.13,MX,1701983806
477,parauapebas,-6.0675,-49.9022,29.99,78,0,0.0,BR,1701983806
478,tevriz,57.509,72.4042,-34.39,98,7,1.56,RU,1701983807
479,mejit,10.2753,170.8646,27.6,83,99,11.09,MH,1701983807
480,takoradi,4.8845,-1.7554,27.07,81,93,3.43,GH,1701983807
481,talodi,10.6325,30.3797,25.75,21,4,2.34,SD,1701983807
482,polovinnoye,54.7914,65.9864,-30.5,97,6,2.39,RU,1701983807
483,baoqing,46.3317,132.2111,-14.22,87,96,2.53,CN,1701983807
484,perigueux,45.1833,0.7167,9.67,94,100,4.54,FR,1701983807
485,lospalos,-8.5186,127.0025,23.06,85,67,0.14,TL,1701983807
486,abu jibeha,11.4562,31.2285,24.91,20,1,3.09,SD,1701983807
487,cockburn town,21.4612,-71.1419,25.22,68,100,8.23,TC,1701983808
488,grand falls-windsor,48.9332,-55.6649,-3.05,81,99,0.89,CA,1701983808
489,sainte-suzanne,-20.9061,55.6089,26.1,83,100,0.51,RE,1701983808
490,tegina,10.0706,6.1906,25.72,20,49,2.29,NG,1701983808
491,bontoc,17.0899,120.978,19.82,95,88,1.01,PH,1701983808
492,fort st. john,56.2499,-120.8529,-2.06,64,20,4.63,CA,1701983808
493,isangel,-19.55,169.2667,27.06,69,75,3.09,VU,1701983808
494,alofi,-19.0595,-169.9187,28.94,74,75,4.12,NU,1701983808
495,ambah,26.7075,78.2261,16.88,55,0,1.02,IN,1701983808
496,pimentel,-6.8367,-79.9342,24.16,69,0,10.29,PE,1701983809
497,mhangura,-16.8939,30.1683,20.03,43,0,1.35,ZW,1701983809
498,valderice,38.0401,12.6151,13.55,93,75,2.57,IT,1701983809
499,lauro de freitas,-12.8944,-38.3272,28.01,69,75,4.12,BR,1701983706
500,marcala,14.15,-88.0333,22.71,53,4,3.74,HN,1701983669
501,kulhudhuffushi,6.6221,73.07,27.93,82,100,10.13,MV,1701983809
502,roxas,11.5853,122.7511,23.41,81,28,3.39,PH,1701983809
503,mocimboa,-11.3167,40.35,26.12,88,91,2.0,MZ,1701983809
504,estrela,-28.0611,-50.9383,17.51,97,100,0.15,BR,1701983809
505,nea kallikrateia,40.3167,23.0667,7.87,89,100,8.95,GR,1701983809
506,lorengau,-2.0226,147.2712,27.76,83,100,5.61,PG,1701983809
507,novyye lyady,58.0536,56.6039,-35.43,100,15,0.66,RU,1701983810
508,harper,4.375,-7.7169,26.4,82,44,3.56,LR,1701983810
509,kosikha,53.3617,84.5822,-24.16,100,89,1.36,RU,1701983810
510,sleaford,52.9983,-0.4094,6.4,100,100,8.75,GB,1701983810
511,prado,-17.3411,-39.2208,25.52,79,5,4.4,BR,1701983623
512,crucecita,-28.95,-58.9833,26.41,62,9,4.2,AR,1701983810
513,labytnangi,66.6572,66.4183,-21.43,85,100,3.91,RU,1701983810
514,kiama,-34.6833,150.8667,23.47,87,72,0.45,AU,1701983810
515,aykhal,66.0,111.5,-28.37,100,99,2.21,RU,1701983810
516,crane,31.3974,-102.3501,24.05,22,1,4.43,US,1701983810
517,ponnani,10.767,75.9252,24.62,89,98,0.5,IN,1701983810
518,suksun,57.1431,57.3949,-32.84,98,6,0.81,RU,1701983811
519,emerald,-23.5333,148.1667,23.52,69,0,5.56,AU,1701983811
520,sharlyk,52.9167,54.75,-20.45,95,8,2.34,RU,1701983811
521,santa ana,33.7456,-117.8678,21.07,68,75,4.63,US,1701983785
522,argostolion,38.1811,20.489,13.19,60,31,8.32,GR,1701983811
523,belyy yar,53.6039,91.3903,-20.06,77,20,3.0,RU,1701983811
524,santana,-0.0583,-51.1817,31.1,66,20,7.2,BR,1701983557
525,tahe,52.3333,124.7333,-21.13,96,100,1.42,CN,1701983811
526,nuuk,64.1835,-51.7216,3.34,44,40,1.54,GL,1701983811
527,burabay,53.0838,70.3138,-31.36,98,62,2.33,KZ,1701983811
528,akureyri,65.6835,-18.0878,-1.04,69,75,1.54,IS,1701983811
529,zhaoyuan,37.3592,120.3964,6.59,72,0,3.5,CN,1701983812
530,goulburn,-34.75,149.7167,23.21,55,86,0.89,AU,1701983812
531,yeppoon,-23.1333,150.7333,23.88,66,42,7.76,AU,1701983812
532,yorkton,51.2167,-102.4677,3.91,87,100,3.09,CA,1701983532
533,harstad,68.799,16.5293,-2.14,73,100,8.94,NO,1701983812
